dataset,method,IBS_HM,mse,Max_brier,mae,mdape,fit_time,inference_time,r2,Max_brier_HM,IBS,mape,rmse,mean_roc,c_index,c_index_mean,mdape_t05,mdape_tE,mdape_tPDF
Azure,ElasticNet,0.1042688586851569,23695.11313746656,0.3740820369481697,112.52574662941788,0.4972213489532981,0.4358639717102051,0.5009050369262695,0.1272524439512267,0.4125514765407764,0.0961561544369003,2.261974851597849,153.93217057349173,0.4247794665597916,0.7421737951441716,,,,
Azure,RandomForest,0.0861668818232388,20384.792415637887,0.208226996132515,92.50763307688996,0.3370982286997532,8.142043113708496,3.611083745956421,0.2491794549324655,0.232550772588082,0.0784014844177316,0.9775946665634472,142.77532145170568,0.2969712106791744,0.770111970774102,,,,
Azure,TABPFNv2,0.0868579254501024,19692.65206842373,0.2506934129994639,93.18312078854724,0.3223994079620923,1.763998031616211,414.8880958557129,0.274672635444812,0.2838337263735876,0.0786362097595129,1.4277220735337972,140.33051011246175,0.3294564002929753,0.7843512938920293,,,,
Azure,CatBoost_W_,0.0849228807404458,18978.957835234312,0.2072410476334517,92.02487874549298,0.3635497012501673,16.500608444213867,0.8316898345947266,0.3009596970076149,0.233553905177572,0.0768843072626502,1.166022726274982,137.7641384222843,0.2958304871092399,0.7864454180494127,,,,
Azure,XGBoost,0.0879292228182507,20737.930023932524,0.214274505159531,95.06956417539388,0.3664245016005089,5.394801139831543,0.7729976177215576,0.2361725541930582,0.2389567421069304,0.0800023974914019,1.3132679256613002,144.00670131605864,0.3026312261663156,0.774135513458294,,,,
Azure,sktimeLSTMFCN,0.020133406552257,3168.76624337549,0.042665690192851,21.52492988479246,0.0384600099236448,2943.740636825561,10.37326693534851,0.8832867782250439,0.0554890711344197,0.0180386924664359,0.1099812133676973,56.291795524529945,0.0712266402391883,0.9596047379128672,,,,
Azure,sktimeInceptionTime,0.0139764022899443,2444.824921155652,0.0252309487857945,15.005219894980542,0.0133849182128906,2713.3823385238647,16.970587491989136,0.9099512645275404,0.0272957657245433,0.0140402634965612,0.0648168431710003,49.44517085778602,0.0540222445043631,0.9762205756568524,,,,
Azure,sktimeCNN,0.0491571898587542,13306.235336498148,0.143258439693179,52.907343229318194,0.0847682515058534,499.2868437767029,10.43544602394104,0.5098996023877931,0.1878145788603006,0.0448907178881689,0.336816980295715,115.35265639116489,0.2169051358228474,0.8816638501394704,,,,
Azure,sktimeFCN,0.0269017450346742,3726.4191741107247,0.0688412852239782,28.69768963505099,0.0764643005595464,444.4617745876312,11.444438695907593,0.8627470901636664,0.0836471789095772,0.0227401997437371,0.1778668950390383,61.04440329883424,0.0825486147486658,0.9459261960563552,,,,
Azure,sktimeResNet,0.0133118467623748,2767.2897678599184,0.023953067361954,14.307780754865778,0.0059513999621386,1145.89120221138,16.21976947784424,0.8980741147861535,0.0221393122382175,0.0144111378239392,0.0499935989594087,52.60503557512264,0.0460101602558068,0.9772156934770244,,,,
SCANIA,ElasticNet,0.1055598580286981,4227.166720804233,0.2079361503666418,51.47049368144573,0.3792450392606361,26.216525077819824,0.8664577007293701,0.4131021383767742,0.2531847133757962,0.0890697013596976,1.5595573275509953,65.01666494679831,0.3464369665934271,0.7392465385233125,,,,
SCANIA,RandomForest,0.0996844107559731,3758.877595454859,0.193608430450845,47.68937155908812,0.3541804953478918,10.74339771270752,7.086049318313599,0.4781191827569564,0.2403521918321468,0.0832700886697129,1.4553271432688473,61.3096859839851,0.3493180715122612,0.7485660689622181,,,,
SCANIA,TABPFNv2,0.1023968876209069,3876.549448423165,0.1982597717852076,48.982370671246905,0.3581866062632269,2.107477903366089,1035.427580833435,0.4617816774155059,0.2448950917946796,0.0856198613547665,1.593624805958163,62.26194221531452,0.3548089547956412,0.7435868625027323,,,,
SCANIA,CatBoost_W_,0.1009205293246753,3964.326203211752,0.1973884745301868,48.30061804055672,0.3655847374401347,97.04681539535522,9.55625319480896,0.4495947936022629,0.2406800299737729,0.0845940199799813,1.303635301040408,62.96289544812685,0.3335438060265943,0.7462124208040607,,,,
SCANIA,XGBoost,0.1003791773909785,3836.364797242341,0.1973371729766389,48.02638342330499,0.3599004739938525,9.094621181488035,5.916725873947144,0.4673608956971103,0.2413357062570251,0.0839327318398546,1.3740408575493286,61.93839517813115,0.3405194466149815,0.7473087916006088,,,,
SCANIA,sktimeLSTMFCN,0.0489266120301091,1209.0886756080877,0.0772304841408414,23.414463466173054,0.1796852516108747,1800.496220111847,38.99566841125488,0.8321306905793773,0.1028006744098913,0.0380623926259578,0.3121239670185806,34.77195242732406,0.1376896753064903,0.8923268211921999,,,,
SCANIA,sktimeInceptionTime,0.0527605796328714,1475.3195607047091,0.0825850864532569,25.25412334299972,0.1910128714381784,1303.523406982422,75.15917706489563,0.7951673183063436,0.1084675908579992,0.0416866600313044,0.3269032889536566,38.40988884004624,0.1571487806491963,0.8852507519396474,,,,
SCANIA,sktimeCNN,0.0736739863489012,2468.667889538797,0.1328481862799668,35.25058445303337,0.2696933134005084,185.63346791267395,41.93709349632263,0.657251298299256,0.1684619707755713,0.0597699240483124,0.5910111818604731,49.68569099387466,0.2445191641048756,0.8355332070605345,,,,
SCANIA,sktimeFCN,0.0582870233894422,1407.9376295766265,0.0940920635058364,27.85198098212514,0.2287241518496273,342.0223309993744,46.62027144432068,0.8045225942874129,0.1273417010116148,0.044961517132574,0.6387093955504827,37.52249498069959,0.209853951272377,0.8812235569652288,,,,
SCANIA,sktimeResNet,0.052884497907976,1450.578048917045,0.0854510639288843,25.32123106094548,0.1930754893146129,925.7143731117249,93.8114321231842,0.798602418296614,0.1121206444361184,0.0416375622091808,0.3322551923393013,38.08645492713971,0.1654682093384194,0.8845450701857095,,,,
HNEI,ElasticNet,0.0908517101710171,42233.87200457419,0.1296183701360064,113.3710915243128,0.1523077377185943,0.010831594467163,0.0077161788940429,0.5931017442087697,0.146875,0.0827090840728309,1.057351487022151,205.50881247424448,0.7600508051854176,0.9132243683830652,,,,
HNEI,RandomForest,0.0478089840234023,5588.083984214286,0.0948165715125737,53.1880520573437,0.0727586623955706,0.2408926486968994,0.0764198303222656,0.9461621319933574,0.114375,0.040945050523151,0.5260778991680649,74.75348810734042,0.8918735160266374,0.9411688578776858,,,,
HNEI,TABPFNv2,0.0511871343384338,7001.00218953146,0.104144542027208,56.98784623205662,0.0715215749361969,1.6084637641906738,3.715954542160034,0.932549504828674,0.1171875,0.0445909446538515,1.0901950722923044,83.67199166705343,0.8805278738802764,0.9326752923200354,,,,
HNEI,CatBoost_W_,0.0462248256075607,4833.31504858505,0.095800256803163,51.43044296054712,0.0730207289661398,5.861351251602173,0.0234174728393554,0.953433882104256,0.10875,0.0392569687064326,0.3711387236334749,69.52204721226965,0.8989051562177485,0.9448058993400952,,,,
HNEI,XGBoost,0.0493524977497749,5582.972084465382,0.1009200661216084,54.97182373091579,0.0719122512682782,0.8379485607147217,0.0195424556732177,0.9462113821092688,0.11625,0.0423994858066816,0.5144486666074846,74.71928857039113,0.8833821525969839,0.9402596219486544,,,,
HNEI,sktimeLSTMFCN,0.0406579095409541,3732.269256668288,0.0862271647028359,45.68504152089358,0.0592044136879439,118.94918370246889,0.6737523078918457,0.9640418039218124,0.0971875,0.034293251017454,0.5524283233484482,61.09230112435026,0.869417035634085,0.9610484970140464,,,,
HNEI,sktimeInceptionTime,0.0452015357785778,4567.249290464834,0.1092440613948262,50.35703382849693,0.0523260154274873,141.6206600666046,2.6628029346466064,0.9559972675521534,0.1234375,0.0385401188303668,0.6464921428057605,67.58142711178002,0.8555787075090785,0.9579640152922104,,,,
HNEI,sktimeCNN,0.0461170960846084,4348.777280957848,0.0866366276773287,51.3601499915123,0.0802381691036216,32.43362259864807,0.807894229888916,0.9581021155186854,0.1,0.03897036026358,0.3848498372622069,65.94525973076342,0.8776515768359713,0.948834707906736,,,,
HNEI,sktimeFCN,0.0548168879387938,6241.813434064362,0.0996193950072252,62.326821698844434,0.0906878948137348,34.42382526397705,1.1285834312438965,0.9398638372768666,0.1096875,0.047408264530709,0.5857765051596003,79.00514814911976,0.8788751886464665,0.9456732021135092,,,,
HNEI,sktimeResNet,0.0571266032853285,7553.173251521063,0.1040093537699161,63.86536323063076,0.0920784280498427,48.64905834197998,2.5046496391296387,0.927229664819744,0.1171875,0.0498016874486373,0.4190730728976601,86.90899407725914,0.8873404629197265,0.9241344175611756,,,,
HNEI,DeepHit,,8018.1153125,0.0708832796705992,63.4728125,0.0993499084378081,28.874997854232788,0.0488214492797851,0.9227502243925008,,0.0418530800482858,0.5015029444602034,89.54392951227905,0.9774778715176158,0.9404605883075112,0.8556313272332952,0.0833977331272539,0.0788807391672821,0.140436089140575
HNEI,GradientBoosting,,7605.7265625,0.1475,69.1721875,0.1073454706086517,20.405632495880127,0.3555896282196045,0.9267233449026152,,0.0509321418989859,0.8564561235976527,87.21081677464097,0.9080860324249972,0.9376496006868826,0.8344844494227401,0.110091743119266,0.1209322848305043,0.1006176440746753
HNEI,CoxPH,,23083.0546875,0.1158534476244695,120.0928125,0.1490426276496467,1.48730731010437,0.2517776489257812,0.7776084871010626,,0.0874682367539492,1.0608849564481246,151.9310853232478,0.9617612250655996,0.9176034018834536,0.913102953535215,0.1693671255315091,0.219441082832769,0.120408642399873
HNEI,RSF,,7440.44,0.0755694250940356,57.22875,0.0765578417614869,2.6271350383758545,0.3604724407196045,0.9283157826970873,,0.037852624203408,0.3753069100289863,86.25798513760914,0.9806121505601968,0.9387959690996628,0.7312885173884682,0.0734125836370297,0.0764691904192305,0.0718290461280787
HNEI,RDSM,,11253.7609375,0.0996119864803343,88.4271875,0.1312479253655724,4.244706869125366,0.8008894920349121,0.8915767018457535,,0.0723040008194174,0.9200995513303072,106.0837449258839,0.986353624790216,0.9364460506982604,0.8912672437011457,0.2019904931669637,0.1964881631101838,0.2263253704649974
Azure,GradientBoosting,,20331.28578987284,0.1991912036433422,90.91442529850616,0.3036649214659686,178.0659897327423,4.055170059204102,0.2364943578921045,,0.0877673428070284,1.4663931210915115,142.58781781720637,0.8037147957806976,0.7376618350583677,0.7375841619518951,0.568,0.7540049104548748,0.9647887323943662
Azure,DeepHit,,27729.380853277835,0.2230715374455374,86.97382669888358,0.0933333333333333,693.0370783805847,1.111194372177124,-0.0413280769572368,,0.0951166729366445,1.1745375789032075,166.52141259693252,0.1923975553403047,,0.6120610575335286,0.4827586206896552,0.8898584361488241,0.9283783783783784
Azure,CoxPH,,26272.85611739184,0.2820211878646712,122.07712658071571,0.449438202247191,19.22125577926636,4.716875553131104,0.0133691451079114,,0.1045118003408783,2.5603666043514703,162.08903762251117,0.4066414296046918,,0.5554573149918247,0.5572916666666666,0.8210895089874376,1.9227642276422765
Azure,RSF,,26850.876876135382,0.193904682941712,75.68366285119667,0.0533333333333333,3942.556644201279,5.653157949447632,-0.0083374068100201,,0.1019244008287984,0.5343481404478653,163.86237175183138,0.1746860732982317,,0.5786251802282989,0.2105263157894736,0.8565826708844526,0.0365853658536585
Azure,RDSM,,19610.098855359,0.2304989539876255,91.48628723610646,0.3539823008849557,73.21528267860413,32.47232103347778,0.2635772634794178,,0.0915126334358231,0.8657616162067836,140.0360626958606,0.1872408653265233,,0.620442690127168,0.6409185803757829,0.7511017047013587,0.4676425269645609
SCANIA,GradientBoosting,,4034.353431997002,0.168191277485883,49.15432746346946,0.3684210526315789,383.9972138404846,3.103769302368164,0.4398722457246988,,0.0716526342380124,1.424640476909204,63.5165602972721,0.83658162881803,0.7405081052632045,0.7280957657261895,0.3687944657669484,0.3680841838995456,0.4820345611954117
SCANIA,DeepHit,,4822.778023604345,0.1974669718713793,53.13790745597603,0.3854166666666667,233.0448203086853,1.2316513061523438,0.3304077420919963,,0.083150486625641,1.6145743279612832,69.44622396937321,0.1956744669587015,,0.6836061976577664,0.4495643715982699,0.4310734085977837,0.9029850746268656
SCANIA,CoxPH,,4798.711142750092,0.1793529259587775,52.9939115773698,0.38586249971738,110.2186839580536,4.455404043197632,0.3337491766372168,,0.0773656011376273,1.4474201182771895,69.27273015227631,0.1861950414138116,,0.6947557423049296,0.3803151715363495,0.3759501356826235,0.474472807991121
SCANIA,RSF,,4324.3280966654165,0.1715099035251164,49.94145747470963,0.3820876497905368,1775.3611459732056,6.683597803115845,0.3996122981382394,,0.076493122439235,1.3098721299438791,65.75962360495546,0.1890555811900467,,0.6277150983412558,0.3809789837722799,0.3879548067096999,0.5651034103842079
SCANIA,RDSM,,4212.722596478082,0.1717324337656512,50.34008992131884,0.388503104895998,91.36620616912842,245.61409950256348,0.4151075538808082,,0.0732134083634707,1.4106479762203312,64.90548972527733,0.1637613181933549,,0.7162484277503631,0.3662670865240106,0.3555376285730182,0.4679169265959659
PBC,sktimeCNN,0.2511580139450199,1562.0892925504145,0.3705390238054911,32.52429633019816,0.4979249034602236,10.144899129867554,3.805176258087158,-0.0330188320755655,0.3826086956521739,0.2414977763729813,1.033606273824008,39.52327532670356,0.6584797304815178,0.6657093624353819,,,,
PBC,sktimeFCN,0.2340442776568822,1382.323075113932,0.3703640185413602,30.35265751428524,0.4477677107214148,16.084413766860962,4.759583473205566,0.0858616242904612,0.391304347826087,0.2248963100259284,1.0610414557563683,37.17960563419053,0.6636358114628375,0.6913268236645606,,,,
PBC,sktimeLSTMFCN,0.2348081449571441,1372.4534442466745,0.3830639006600415,30.53191271370261,0.454977961531016,8.081812381744385,2.6962363719940186,0.0923884692026781,0.4,0.2258024052363008,0.7269462051754725,37.04663877123908,0.7360526624117407,0.7419873635841471,,,,
PBC,TABPFNv2,0.2118199582537645,1149.2787206148964,0.3941124709813439,27.36453036422455,0.3328877967932322,0.1933522224426269,2.1858880519866943,0.2399752258972837,0.4260869565217391,0.203136101284425,1.4178613912072917,33.901013563238735,0.675252904481267,0.5947156806433085,,,,
PBC,sktimeResNet,0.2042034906959192,1037.1136357434098,0.3124224375985049,26.55114859230753,0.4092123444223591,29.81784462928772,7.659328937530518,0.3141506558974611,0.3478260869565217,0.1949267142467145,0.6296870982591942,32.20424872192192,0.7816921626224683,0.7595634692705342,,,,
PBC,sktimeInceptionTime,0.2405027312697079,1565.5416748628502,0.4013769101748264,31.15178462832856,0.4665630171662944,32.17523527145386,8.845287561416626,-0.0353019127939846,0.408695652173913,0.2303408469166636,0.6153526343770087,39.56692652788248,0.7303450143941853,0.7368179207352097,,,,
PBC,ElasticNet,0.1870531154239024,830.6216904870848,0.2900993047722749,24.30502660110991,0.3225670278011642,0.0043983459472656,0.0370895862579345,0.4507049931808504,0.3217391304347826,0.1775821330459884,1.2868245697551093,28.82050815803019,0.7495187297819288,0.6959218839747272,,,,
PBC,RandomForest,0.1938279966247728,904.7661148329385,0.3199393777546689,25.079147902573663,0.3143616221153364,0.164966344833374,0.6990749835968018,0.4016728494948667,0.3565217391304348,0.1849775326886113,1.291591844530787,30.07933035878522,0.7242879134063807,0.6805284319356691,,,,
PBC,CatBoost_W_,0.2093240662610479,1002.6150415096716,0.3896336971208742,27.200246047594145,0.3499488510715602,2.8176448345184326,0.180492877960205,0.3369647790679743,0.4260869565217391,0.2003134555358632,1.2220659455462892,31.664097042386533,0.6858862256179559,0.6526134405514072,,,,
PBC,XGBoost,0.2010192299151756,976.4773001528343,0.3487171278839214,26.012436264206222,0.3428191396621615,0.095240831375122,0.0703685283660888,0.354249821080809,0.391304347826087,0.1916326418865084,1.478126739952408,31.24863677271113,0.6974293434202462,0.6382538770821367,,,,
PBC,GradientBoosting,,845.4727734642199,0.2364247795902891,23.531971830315307,0.2974638521491128,0.1647968292236328,0.0611414909362793,0.4408838847043629,,0.1774318664420118,1.5496383732108487,29.07701452116809,0.836472076589751,0.7606407322654463,0.7606407322654463,0.641521788085853,0.6308573238948418,0.8548955270399992
PBC,RSF,,1237.7802523953994,0.2587682534371439,27.441158404479776,0.3551120610858222,0.1755752563476562,0.4103429317474365,0.1814486426649469,,0.1924349000634497,1.406674670790116,35.182101307275545,0.8401829416402501,0.7662852784134249,0.7662852784134249,0.9304165018837216,0.8037162683341494,0.7480258411861322
PBC,RDSM,,1270.0700569353187,0.2568101175935435,28.81764462199968,0.3216102712963154,3.2771031856536865,7.760518312454224,0.1600952051035669,,0.1952546838495896,1.6198593236156549,35.63804227136107,0.7460975381355565,0.6826849733028223,0.6826849733028223,0.8029890801243365,0.6768386464367139,0.9768089561964044
PBC,DeepHit,,914.674472308419,0.1979803730182568,24.439915624270924,0.3204413568969576,5.144444465637207,0.0600631237030029,0.395120394448973,,0.1430817043162252,1.248061476779005,30.24358563908088,0.8234558907338365,0.7566742944317315,0.7566742944317315,0.4071308165364346,0.3792389926366718,0.4721748118519341
PBC,CoxPH,,923.2762803509214,0.2532458964313246,23.757957840705124,0.3074354350410846,0.1806080341339111,0.057600975036621,0.3894319682238012,,0.1801233216888667,1.0703578013719908,30.385461660980592,0.8609409672149225,0.7789473684210526,0.7789473684210526,0.689633153475303,0.6561531209486358,0.747450105110162
